iter	RMSE
0	1454.479712
1	1404.338482
2	1361.985342
3	1322.624552
4	1288.957304
5	1261.18926
6	1235.818891
7	1214.239546
8	1196.235385
9	1180.086292
10	1167.686659
11	1156.433914
12	1147.561812
13	1139.475257
14	1132.569082
15	1127.002517
16	1122.314807
17	1117.945714
18	1114.271804
19	1110.989197
20	1108.009492
21	1106.569619
22	1104.922327
23	1102.762491
24	1100.644547
25	1098.987059
26	1097.558987
27	1096.041111
28	1094.363479
29	1093.164033
